First Name	Last Name	Age	Email	Salary	Department	
Cierraierra	Vegaega	39	cierra@example.com	0	Insurancensurance	
Cierraierra	Vegaega	40	cierra@example.com	1	Insurancensurance	
Cierraierra	Vegaega	41	cierra@example.com	2	Insurancensurance	
Cierraierra	Vegaega	42	cierra@example.com	3	Insurancensurance	
Cierraierra	Vegaega	43	cierra@example.com	4	Insurancensurance	
Cierraierra	Vegaega	44	cierra@example.com	5	Insurancensurance	
Cierraierra	Vegaega	45	cierra@example.com	6	Insurancensurance	
Cierraierra	Vegaega	46	cierra@example.com	7	Insurancensurance	
Cierraierra	Vegaega	47	cierra@example.com	8	Insurancensurance	
Cierraierra	Vegaega	48	cierra@example.com	9	Insurancensurance	
Cierraierra	Vegaega	49	cierra@example.com	10	Insurancensurance	
Cierraierra	Vegaega	50	cierra@example.com	11	Insurancensurance	
Cierraierra	Vegaega	51	cierra@example.com	12	Insurancensurance	
Cierraierra	Vegaega	52	cierra@example.com	13	Insurancensurance	
Cierraierra	Vegaega	53	cierra@example.com	14	Insurancensurance	
						
						
						
						
						
						
						
						
						
						
						
						
						
						
						
						
						
